﻿<?xml version="1.0" encoding="utf-8"?>
<Window size="360,540" caption="0,0,0,32" >
    <Font shared="true" id="sym" size="24" name="Segoe MDL2 Assets" />
    <Style imagerectstyle="l,t,w,h" />

    <Style name="week" width="46" font="18b" />
    <Style name="day" width="46" align="center" showhtml="true" />
    <VerticalLayout style="ct-bk">
        <HorizontalLayout height="8">
            <control />
            <Button name="::closebtn" width="8" height="8" />
        </HorizontalLayout>

        <include source="SystemInfo.xml" />

        <Control height="1" />
        <!-- <Control height="1" style="ct-bkhori" /> -->

        <include source="Calendar10L.xml" />
        <Control height="1" style="ct-bkhori" />
        <include source="BrightController.xml" />

    </VerticalLayout>
</Window>
