<?xml version="1.0" encoding="utf-8"?>
<Window caption="0,0,0,0" size="320,560">
    <Style imagerectstyle="l,t,w,h" />
    <Include source="scrollbar_ltwh.xml" />
    <!-- <Include source="themes\default.xml" /> -->
    <Font shared="true" id="sym_icon" size="16" name="Segoe MDL2 Assets" />
    <Font shared="true" id="sym32" size="32" name="Segoe MDL2 Assets" />
    <Default name="Button" height="30" />

    <Style name="icon-proxy" mouse="false" font="sym_icon" text="" />

    <Style name="Settings" font="12" width="94" height="68" align="left" textpadding="5,35,0,0" />
    <VerticalLayout style="ct-bkdarker1">
        <Control height="10" />
        <VerticalLayout name="::pppoe_list" height="56">
            <Button float="true" style="ct-bkdarker1" style="ct-hotimage" bordersize="0" pos="0,0,320,40" name="dialup" />
            <Label float="true" mouse="false" pos="2,4,36,40" text="" font="sym32" />
            <Label float="true" mouse="false" pos="36,0,148,40" text="PPPoE" />
        <Control height="1" float="true" pos="8,48,312,1" style="ct-bkhori" />
        </VerticalLayout>
        <Combo name="::wlan_list" height="30" visible="false" style="ct-combo"
            textpadding="10,0,0,0" />
        <Label name="::wlan_errmsg" padding="10,0,0,-30" height="30" visible="false" />
        <List style="ct-list" name="::ssid_list" height="360" header="hidden" vscrollbar="true" >
        </List>
        <Control />
        <Button name="netsettings" padding="10,0,0,0" text="%{NetworkSettings}" align="left" font="16u" style="ct-text-secondary-url" />
        <Label padding="10,-5,0,0" text="%{NetworkSettingsMsg}" align="left" font="12" style="ct-text-secondary" />
        <HorizontalLayout height="70" padding="5,5,0,0" childpadding="5">
            <Option style="ct-option" style="Settings" name="::switchwlan" textpadding="5,5,0,0" multiline="true" showhtml="true" text="<f $sym_icon></f><n><n>WLAN" selected="true" />
            <Option style="ct-option" style="Settings" name="::switchfirewall" textpadding="5,5,0,0" multiline="true" showhtml="true" text="<f $sym_icon></f><n><n>%{Firewall}" selected="true" />
             <VerticalLayout width="94">
                <Button style="ct-option" style="Settings" name="proxysettings" text="%{Proxy}" />
                <Label style="icon-proxy" float="true" pos="6,2,30,30" />
            </VerticalLayout>
        </HorizontalLayout>
        <Button name="::closebtn" text="" width="10" height="5" comment="debug" />
    </VerticalLayout>
</Window>
