<?xml version="1.0" encoding="utf-8"?>
<ColorTheme>
    <Default name="Label" textcolor="#FFFFFFFF" />
    <Default name="Button" textcolor="#FFFFFFFF" />
    <Style name="ct-bd" bordersize="1" bordercolor="#FF1985DA" />
    <Style name="ct-bk" bkcolor="#FF000000" />
    <Style name="ct-title" bkcolor="#FF0C0C0C" />
    <Style name="ct-bdtitle" bordercolor="#FF0C0C0C" />
    <Style name="ct-sysbutton" textcolor="#FF8B8B8B" hottextcolor="#FFFFFFFF" />
    <Style name="ct-txtinfo" textcolor="#FF0078D7" />
    <Style name="ct-bkhori" bkcolor="#FF5E5D5C" />
</ColorTheme>
