<Page>
    <VerticalLayout padding="20,0,0,0" >
        <Label text="%{Taskbar}" font="24" height="50" />
        <Label text="%{AutoHideTaskbar}" padding="0,10,0,0" />
        <CheckBox name="$Switch.TaskbarAutoHide" style="switch" text="%{Off}" width="120" align="left" textpadding="50,0,0,0" padding="0,5,0,0" />
        <Label text="%{UseSmallButtons}" padding="0,10,0,0" />
        <CheckBox name="$Switch.TaskbarSmallIcons" style="switch" text="%{Off}" width="120" align="left" textpadding="50,0,0,0" padding="0,5,0,0" />
        <Label text="%{CombineButtons}" padding="0,10,0,0" />
        <HorizontalLayout padding="0,5,0,0">
            <Option name="$Opt.CombineButtons[always]" style="radio" text="%{Always}" group="combine_style" />
            <Option name="$Opt.CombineButtons[auto]" style="radio" text="%{Auto}" group="combine_style" />
            <Option name="$Opt.CombineButtons[never]" style="radio" text="%{Never}" group="combine_style" />
        </HorizontalLayout>
    </VerticalLayout>
</Page>