<Page>
    <VerticalLayout padding="20,0,0,0" >
        <Label text="%{Colors}" font="24" height="50" />
        <Label text="%{SelectSysColorTheme}" padding="0,10,0,0" />
        <Option name="$Opt.SysColorTheme[light]" style="radio" text="#{@shell32.dll,51730}" group="syscolortheme" padding="0,5,0,0" />
        <Option name="$Opt.SysColorTheme[dark]" style="radio" text="#{@shell32.dll,51731}" group="syscolortheme" padding="0,5,0,0" />
        <Label text="%{SelectAppColorTheme}" padding="0,10,0,0" />
        <Option name="$Opt.AppsColorTheme[light]" style="radio" text="%{Light}" group="appscolortheme" padding="0,5,0,0" />
        <Option name="$Opt.AppsColorTheme[dark]" style="radio" text="%{Dark}" group="appscolortheme" padding="0,5,0,0" />
        <Label text="%{TransparencyEffects}" padding="0,10,0,0" />
        <CheckBox name="$Switch.ColorsTransparency" style="switch" text="%{Off}" width="120" align="left" textpadding="50,0,0,0" padding="0,5,0,0" />
        <Label text="%{ApplyAccentColorDesc}" padding="0,10,0,0" />
        <CheckBox name="$Chk.ApplyACShell" style="check" text="%{StartTaskbarActionCenter}" width="300" align="left" padding="0,5,0,0" />
        <CheckBox name="$Chk.ApplyACWindow" style="check" text="%{TitlebarsAndWinBorders}" width="300" align="left" padding="0,5,0,0" />
    </VerticalLayout>
</Page>
