<Page>
    <VerticalLayout padding="20,0,0,0" >
        <Label name="#res_3" text="#{@shell32.dll,22985}" font="24" height="50" />
        <Label name="#res_4" text="#{@shell32.dll,30500}" padding="0,10,0,0" />
        <CheckBox name="$Switch.FolderOptShowAll" style="switch" text="%{Off}" width="120" align="left" textpadding="50,0,0,0" padding="0,5,0,0" />
        <Label name="#res_5" text="#{@shell32.dll,30503}" padding="0,10,0,0" />
        <CheckBox name="$Switch.FolderOptShowExt" style="switch" text="%{Off}" width="120" align="left" textpadding="50,0,0,0" padding="0,5,0,0" />
        <Label name="#res_6" text="#{@shell32.dll,30508}" padding="0,10,0,0" />
        <CheckBox name="$Switch.FolderOptShowSuperHidden" style="switch" text="%{Off}" width="120" align="left" textpadding="50,0,0,0" padding="0,5,0,0" />
    </VerticalLayout>
</Page>
