<Page>
    <VerticalLayout padding="20,0,0,0" >
        <Label text="%{Display}" font="24" height="50" />
        <Label text="<b>%{DPI}</b>" showhtml="true" padding="0,10,0,0" />
        <Combo name="dpi_combo" style="ct-combo" wheel="false" height="32" width="300" padding="10,8,10,0" textpadding="5,2,0,2"
            vscrollbar="true" hscrollbar="true">
            <ListLabelElement text="100%" selected="true" />
            <ListLabelElement text="125%"/>
            <ListLabelElement text="150%" />
            <ListLabelElement text="175%" />
            <ListLabelElement text="200%" />
            <ListLabelElement text="225%" />
            <ListLabelElement text="250%" />
            <ListLabelElement text="300%" />
        </Combo>
        <Label text="<b>%{Resolution}</b>" showhtml="true" padding="0,10,0,0" />
        <Combo name="resolution_combo" style="ct-combo" wheel="false" height="32" width="300" padding="10,8,10,0" textpadding="5,2,0,2"
            vscrollbar="true" hscrollbar="true">
            <ListLabelElement text="1920x1080" />
            <ListLabelElement text="1024x768" selected="true" />
            <ListLabelElement text="800x600" />
        </Combo>
        <Label text="<b>%{Rotate}</b>" showhtml="true" padding="0,10,0,0" />
        <Combo name="rotate_combo" style="ct-combo" wheel="false" height="32" width="300" padding="10,8,10,0" textpadding="5,2,0,2"
            vscrollbar="true" hscrollbar="true">
            <ListLabelElement text="%{Rotate_0}" selected="true" />
            <ListLabelElement text="%{Rotate_90}"/>
            <ListLabelElement text="%{Rotate_180}" />
            <ListLabelElement text="%{Rotate_270}" />
        </Combo>
        <Label text="<b>%{Brightness}</b>" showhtml="true" padding="0,10,0,0" />
        <HorizontalLayout height="32">
            <Slider name="brightness_slider" imm="true" min="20" max="100" step="10" value="100" height="24" width="300" padding="5,4,0,0"
                thumbsize="8,24" thumbimage="file='thumb.png'"
                bkimage="file='sliderbk.png'" foreimage="file='sliderfr.png'" />
        </HorizontalLayout>
        <HorizontalLayout height="40" padding="0,30,0,0">
            <Button name="display_applybtn" text="%{Apply}" visible="false" shortcut="A" showhtml="true" style="ct-button" padding="0,0,10,0" />
            <Button name="display_restorebtn" text="%{Restore}" visible="false" shortcut="R" showhtml="true" style="ct-button" padding="0,0,10,0" />
        </HorizontalLayout>
    </VerticalLayout>
</Page>