<NavTab>
    <VerticalLayout name="$Nav" width="240" >
        <Label height="32" text="%{Settings}" padding="20,0,0,0" />
        <HorizontalLayout style="nav_item" padding="20,0,0,0" >
            <Label text="" font="sym16" width="32" />
            <Button text="%{Home}" align="left" name="home_button" />
        </HorizontalLayout>

        <Label height="32" showhtml="true" text="<b>%{Customization}</b>" padding="20,0,0,0" />
        <VerticalLayout height="40">
            <Label float="true" pos="20,0,32,32" mosue="false" text="" font="sym16" width="32" />
            <Label float="true" pos="52,0,188,32" mosue="false" text="%{Display}" width="188" />
            <Option float="true" pos="0,0,240,32" group="nav_item" name="$Nav[Display]" style="nav_item" />
        </VerticalLayout>
        <VerticalLayout height="40">
            <Label float="true" pos="20,0,32,32" mosue="false" text="" font="sym16" width="32" />
            <Label float="true" pos="52,0,148,32" mosue="false" text="%{Background}" width="188" enabled="false" />
            <Option float="true" pos="0,0,240,32" group="nav_item" name="$Nav[Background]" style="nav_item" enabled="false" />
        </VerticalLayout>
        <VerticalLayout height="40">
            <Label float="true" pos="20,0,32,32" mosue="false" text="" font="sym16" width="32" />
            <Label float="true" pos="52,0,188,32" mosue="false" text="%{Colors}" width="188" />
            <Option float="true" pos="0,0,240,32" group="nav_item" name="$Nav[Colors]" style="nav_item" />
        </VerticalLayout>
        <VerticalLayout height="40">
            <Label float="true" pos="20,0,32,32" mosue="false" text="" font="sym16" width="32" />
            <Label name="#res_1" float="true" pos="52,0,188,32" mosue="false" text="#{@shell32.dll,22985}" width="188" />
            <Option float="true" pos="0,0,240,32" group="nav_item" name="$Nav[FolderOptions]" style="nav_item" />
        </VerticalLayout>
        <VerticalLayout height="40">
            <Label float="true" pos="20,0,32,32" mosue="false" text="" font="sym16" width="32" />
            <Label float="true" pos="52,0,188,32" mosue="false" text="%{Taskbar}" width="188" />
            <Option float="true" pos="0,0,240,32" group="nav_item" name="$Nav[Taskbar]" style="nav_item" selected="true"/>
        </VerticalLayout>
        <Label height="32" showhtml="true" name="#res_2" text="<b>#{@shell32.dll,51378}</b>" padding="20,0,0,0" />
        <HorizontalLayout style="nav_item" padding="20,0,0,0" >
            <Label text="" font="sym16" width="32" />
            <Button text="#{@shell32.dll,22023}" align="left" name="compmgmt_button" />
        </HorizontalLayout>
    </VerticalLayout>
</NavTab>
