<?xml version="1.0" encoding="utf-8"?>
<ColorTheme>
    <Default defaultfontcolor="#FF000000" />
    <Default name="Edit" shared="true" bordersize="0,0,0,1" bordercolor="#FF0078D7" bkcolor="#FFF4F4F4" nativebkcolor="#FFF4F4F4" />
    <Image shared="true" name="scrollbar.bmp" file="themes\scrollbar-light.bmp" />
    <Image shared="true" name="rc\0.png" file="rc\light\0.png" />
    <Image shared="true" name="rc\25.png" file="rc\light\25.png" />
    <Image shared="true" name="rc\50.png" file="rc\light\50.png" />
    <Image shared="true" name="rc\75.png" file="rc\light\75.png" />
    <Image shared="true" name="rc\100.png" file="rc\light\100.png" />
    <Style name="ct-bkdarker1" bkcolor="#FFE4E4E4" />
    <Style name="ct-bkhori" bkcolor="#FFB6B6B6" />
    <Style name="ct-hotimage" hotimage="color='#FFF4F4F4'" />
    <Style name="ct-text-primary" textcolor="#FF000000" />
    <Style name="ct-text-secondary" textcolor="#FF666666" />
    <Style name="ct-text-secondary-url" textcolor="#FF1874CD" hottextcolor="#FF000000" />
    <Style name="ct-button" bkcolor="#FFCCCCCC" bordersize="2" bordercolor="#FFD3D3D3" hotbordercolor="#FFADADAD" />
    <Style name="ct-option" bkcolor="#FFF4F4F4" selectedimage="color='#FF0078D7'" selectedtextcolor="#FFFFFFFF" bordersize="1" bordercolor="#FFE4E4E4" hotbordercolor="#FF929292" />
    <Style name="ct-list" itemhotbkcolor="#FFF4F4F4" itemselectedbkcolor="#FFFFFFFF" />
    <Style name="ct-combo" bkimage="file='themes\ComboButton-light.png' corner='2,2,36,2'" />
</ColorTheme>
