<?xml version="1.0" encoding="utf-8" standalone="yes" ?>
<Window size="800,600" sizebox="4,4,4,4" caption="0,0,0,32" mininfo="600,400">

<Style imagerectstyle="l,t,w,h" />
<Include source="scrollbar_ltwh.xml" />
<Style name="nav_item" height="40" selectedimage="color='#ff0078d7' dest='235,10,5,20'" hotimage="color='#FFA2D7FF'  dest='235,10,5,20'" />
<VerticalLayout bordersize="1" bordercolor="#FF1985DA">
    <HorizontalLayout style="ct-bknav" padding="1,1,1,1">
        <include source="parts/tab.nav.xml" />
        <VerticalLayout padding="0,1,1,1" style="ct-bkcontent">
            <VerticalLayout height="32">
                <HorizontalLayout height="32">
                    <Control />
                    <!-- https://docs.microsoft.com/ja-jp/windows/uwp/design/style/segoe-ui-symbol-font -->
                    <Button name="::minbtn" text="" font="sym" textcolor="#ff8b8b8b" hottextcolor="#ffffffff" hotimage="color='#ff1985da'" width="48" height="32" />
                    <Button name="::closebtn" text="" font="sym" textcolor="#ff8b8b8b" hottextcolor="#ffffffff" hotimage="color='#ffe81123'" width="48" height="32" />
                </HorizontalLayout>
            </VerticalLayout>
            <TabLayout name="TabLayoutMain" selectedid="-1" topbordersize="1" bordercolor="#ff000000" padding="2,2,2,2" >
                <VerticalLayout padding="20,0,0,0" >
                    <Control text="PlaceHolder_0" height="50" />
                </VerticalLayout>

                <include source="parts/page.display.xml" />
                <include source="parts/page.background.xml" />
                <include source="parts/page.colors.xml" />
                <include source="parts/page.folderoptions.xml" />
                <include source="parts/page.taskbar.xml" />

            </TabLayout>
        </VerticalLayout>
    </HorizontalLayout>
</VerticalLayout>
</Window>
